{"train": [2.867525236518978, 2.274783223925061, 2.22562655581727, 2.201376870937458, 2.187774075760832, 2.176630108914477, 2.170475273805615, 2.1656543270070503, 2.1594429209799553, 2.15589993235221], "val": [2.737785675667769, 2.7323599019587435, 2.7478800451518683, 2.7700953152006034, 2.7908144565607538, 2.80761690723975, 2.823402955832071, 2.840458269940307, 2.8578999310929256, 2.8732500368396177]}