{"train": [2.0425807774906426, 1.710951094896021, 1.6761088119426244, 1.655337503258611, 1.6502603695426188, 1.6279028586938347, 1.6084209378336516, 1.5975703571883726, 1.579060868478157, 1.5725171213418665], "val": [2.1774250893365767, 2.16063662370046, 2.1627995456968034, 2.138028036980402, 2.1719248635428294, 2.173669236046927, 2.1749859877995084, 2.1783144701094854, 2.2099296365465437, 2.221923862184797]}